Rank,Release,Gross,Theaters,Total_Gross,Release Date,Distributor
1,Avengers: Endgame,"$858,373,000 ","4,662","$858,373,000 ",26-Apr,Walt Disney Studios Motion Pictures
2,The Lion King,"$543,638,043 ","4,802","$543,638,043 ",19-Jul,Walt Disney Studios Motion Pictures
3,Toy Story 4,"$434,038,008 ","4,575","$434,038,008 ",21-Jun,Walt Disney Studios Motion Pictures
4,Frozen II,"$430,144,682 ","4,440","$477,284,992 ",22-Nov,Walt Disney Studios Motion Pictures
5,Captain Marvel,"$426,829,839 ","4,310","$426,829,839 ",8-Mar,Walt Disney Studios Motion Pictures
6,Star Wars: Episode IX - The Rise of Skywalker,"$390,706,234 ","4,406","$515,049,789 ",20-Dec,Walt Disney Studios Motion Pictures
7,Spider-Man: Far from Home,"$390,532,085 ","4,634","$390,532,085 ",2-Jul,Sony Pictures Releasing
8,Aladdin,"$355,559,216 ","4,476","$355,559,216 ",24-May,Walt Disney Studios Motion Pictures
9,Joker,"$333,772,511 ","4,374","$335,451,311 ",4-Oct,Warner Bros.
10,It Chapter Two,"$211,593,228 ","4,570","$211,593,228 ",6-Sep,Warner Bros.
11,Jumanji: The Next Level,"$192,094,536 ","4,227","$315,971,726 ",13-Dec,Sony Pictures Releasing
12,Us,"$175,084,580 ","3,743","$175,084,580 ",22-Mar,Universal Pictures
13,Fast & Furious Presents: Hobbs & Shaw,"$173,956,935 ","4,344","$173,956,935 ",2-Aug,Universal Pictures
14,John Wick: Chapter 3 - Parabellum,"$171,015,687 ","3,850","$171,015,687 ",17-May,Lionsgate
15,How to Train Your Dragon: The Hidden World,"$160,799,505 ","4,286","$160,799,505 ",22-Feb,Universal Pictures
16,The Secret Life of Pets 2,"$157,949,395 ","4,564","$158,874,395 ",7-Jun,Universal Pictures
17,Pokémon Detective Pikachu,"$144,105,346 ","4,248","$144,105,346 ",10-May,Warner Bros.
18,Once Upon a Time... in Hollywood,"$141,076,968 ","3,659","$142,502,728 ",26-Jul,Sony Pictures Releasing
19,Shazam!,"$140,371,656 ","4,306","$140,371,656 ",5-Apr,Warner Bros.
20,Aquaman,"$136,001,983 ","4,184","$335,061,807 ",21-Dec,Warner Bros.
21,Knives Out,"$115,711,579 ","3,461","$165,179,842 ",27-Nov,Lionsgate
22,Dumbo,"$114,766,307 ","4,259","$114,766,307 ",29-Mar,Walt Disney Studios Motion Pictures
23,Maleficent: Mistress of Evil,"$113,294,737 ","3,820","$113,929,605 ",18-Oct,Walt Disney Studios Motion Pictures
24,Glass,"$111,048,468 ","3,844","$111,048,468 ",18-Jan,Universal Pictures
25,Godzilla: King of the Monsters,"$110,500,138 ","4,108","$110,500,138 ",31-May,Warner Bros.
26,The Upside,"$108,252,517 ","3,568","$108,252,517 ",11-Jan,STX Entertainment
27,Ford v Ferrari,"$107,196,444 ","3,746","$117,594,481 ",15-Nov,Twentieth Century Fox
28,The Lego Movie 2: The Second Part,"$105,806,508 ","4,303","$105,806,508 ",8-Feb,Warner Bros.
29,Hustlers,"$104,960,643 ","3,525","$104,963,598 ",13-Sep,STX Entertainment
30,The Addams Family,"$97,185,807 ","4,107","$100,044,905 ",11-Oct,United Artists Releasing
31,Downton Abbey,"$96,854,135 ","3,548","$96,854,135 ",20-Sep,Focus Features
32,Rocketman,"$96,368,160 ","3,610","$96,368,160 ",31-May,Paramount Pictures
33,Alita: Battle Angel,"$85,710,210 ","3,802","$85,710,210 ",14-Feb,Twentieth Century Fox
34,Good Boys,"$83,140,306 ","3,458","$83,140,306 ",16-Aug,Universal Pictures
35,Spider-Man: Into the Spider-Verse,"$82,094,865 ","3,813","$190,241,310 ",14-Dec,Sony Pictures Releasing
36,Men in Black: International,"$80,001,807 ","4,224","$80,001,807 ",14-Jun,Sony Pictures Releasing
37,Annabelle Comes Home,"$74,152,591 ","3,613","$74,152,591 ",26-Jun,Warner Bros.
38,Yesterday,"$73,286,650 ","2,755","$73,286,650 ",28-Jun,Universal Pictures
39,A Madea Family Funeral,"$73,257,045 ","2,442","$73,257,045 ",1-Mar,Lionsgate
40,Zombieland: Double Tap,"$72,930,156 ","3,468","$73,123,082 ",18-Oct,Sony Pictures Releasing
41,Angel Has Fallen,"$69,030,436 ","3,336","$69,030,436 ",23-Aug,Lionsgate
42,Scary Stories to Tell in the Dark,"$68,947,075 ","3,135","$68,947,075 ",9-Aug,Lionsgate
43,Mary Poppins Returns,"$66,027,977 ","4,090","$171,958,438 ",19-Dec,Walt Disney Studios Motion Pictures
44,X-Men: Dark Phoenix,"$65,845,974 ","3,721","$65,845,974 ",7-Jun,Twentieth Century Fox
45,Terminator: Dark Fate,"$62,253,077 ","4,086","$62,253,077 ",1-Nov,Paramount Pictures
46,Abominable,"$60,679,265 ","4,248","$60,716,390 ",27-Sep,Universal Pictures
47,Dora and the Lost City of Gold,"$60,477,943 ","3,735","$60,477,943 ",9-Aug,Paramount Pictures
48,Escape Room,"$57,005,601 ","2,717","$57,005,601 ",4-Jan,Sony Pictures Releasing
49,A Beautiful Day in the Neighborhood,"$56,706,993 ","3,491","$61,696,436 ",22-Nov,Sony Pictures Releasing
50,Midway,"$56,279,164 ","3,242","$56,846,802 ",8-Nov,Lionsgate
51,Bumblebee,"$55,769,470 ","3,597","$127,195,589 ",21-Dec,Paramount Pictures
52,The Curse of la Llorona,"$54,733,739 ","3,372","$54,733,739 ",19-Apr,Warner Bros.
53,Pet Sematary,"$54,724,696 ","3,585","$54,724,696 ",5-Apr,Paramount Pictures
54,What Men Want,"$54,611,903 ","2,912","$54,611,903 ",8-Feb,Paramount Pictures
55,Green Book,"$52,927,165 ","2,648","$85,080,171 ",16-Nov,Universal Pictures
56,Ad Astra,"$50,188,370 ","3,460","$50,188,370 ",20-Sep,Twentieth Century Fox
57,Isn't It Romantic,"$48,791,187 ","3,444","$48,791,187 ",13-Feb,Warner Bros.
58,Gemini Man,"$48,546,770 ","3,642","$48,546,770 ",11-Oct,Paramount Pictures
59,Ma,"$45,896,028 ","2,816","$45,896,028 ",31-May,Universal Pictures
60,Five Feet Apart,"$45,729,221 ","2,866","$45,729,221 ",15-Mar,Lionsgate
61,Wonder Park,"$45,216,793 ","3,838","$45,216,793 ",15-Mar,Paramount Pictures
62,Rambo: Last Blood,"$44,819,352 ","3,618","$44,819,352 ",20-Sep,Lionsgate
63,Playing with Fire,"$44,151,387 ","3,185","$44,451,847 ",8-Nov,Paramount Pictures
64,Harriet,"$42,547,700 ","2,186","$43,082,155 ",1-Nov,Focus Features
65,A Dog's Way Home,"$42,004,346 ","3,090","$42,004,346 ",11-Jan,Sony Pictures Releasing
66,The Angry Birds Movie 2,"$41,667,116 ","3,869","$41,667,116 ",13-Aug,Sony Pictures Releasing
67,Little,"$40,860,481 ","2,667","$40,860,481 ",12-Apr,Universal Pictures
68,Queen & Slim,"$40,718,945 ","1,715","$43,808,310 ",27-Nov,Universal Pictures
69,Breakthrough,"$40,713,082 ","2,913","$40,713,082 ",17-Apr,Twentieth Century Fox
70,The Mule,"$39,084,073 ","3,329","$103,804,407 ",14-Dec,Warner Bros.
71,Crawl,"$39,014,193 ","3,170","$39,014,193 ",12-Jul,Paramount Pictures
72,Little Women,"$37,593,127 ","3,308","$107,989,746 ",25-Dec,Sony Pictures Releasing
73,The Intruder,"$35,419,122 ","2,231","$35,419,122 ",3-May,Screen Gems
74,The Hustle,"$35,417,038 ","3,077","$35,417,038 ",10-May,United Artists Releasing
75,Last Christmas,"$35,116,450 ","3,454","$35,150,750 ",8-Nov,Universal Pictures
76,Overcomer,"$34,746,945 ","2,293","$34,746,945 ",23-Aug,Affirm Films
77,Cold Pursuit,"$32,138,862 ","2,630","$32,138,862 ",8-Feb,Lionsgate
78,Doctor Sleep,"$31,543,097 ","3,855","$31,581,712 ",8-Nov,Warner Bros.
79,Dragon Ball Super: Broly,"$30,712,119 ","1,267","$30,712,119 ",16-Jan,FUNimation Entertainment
80,Long Shot,"$30,316,271 ","3,230","$30,316,271 ",3-May,Lionsgate
81,Spies in Disguise,"$29,323,688 ","3,502","$66,657,005 ",25-Dec,Twentieth Century Fox
82,Child's Play,"$29,208,403 ","3,007","$29,208,403 ",21-Jun,United Artists Releasing
83,Ready or Not,"$28,714,231 ","2,998","$28,714,231 ",21-Aug,Fox Searchlight Pictures
84,Happy Death Day 2U,"$28,148,130 ","3,212","$28,148,130 ",13-Feb,Universal Pictures
85,Vice,"$28,060,115 ","2,534","$47,836,282 ",25-Dec,Annapurna Pictures
86,21 Bridges,"$27,747,269 ","2,665","$28,539,757 ",22-Nov,STX Entertainment
87,Midsommar,"$27,426,361 ","2,707","$27,426,361 ",3-Jul,A24
88,Bohemian Rhapsody,"$26,614,909 ","4,000","$216,428,042 ",2-Nov,Twentieth Century Fox
89,The Art of Racing in the Rain,"$26,395,642 ","2,765","$26,395,642 ",9-Aug,Twentieth Century Fox
90,Countdown,"$25,594,369 ","2,675","$25,621,766 ",25-Oct,STX Entertainment
91,Uncut Gems,"$25,253,119 ","2,686","$50,018,557 ",13-Dec,A24
92,Judy,"$24,017,545 ","1,627","$24,313,888 ",27-Sep,Roadside Attractions
93,Ralph Breaks the Internet,"$23,474,857 ","4,017","$201,091,711 ",21-Nov,Walt Disney Studios Motion Pictures
94,Fighting with My Family,"$22,958,886 ","2,855","$22,958,886 ",14-Feb,Metro-Goldwyn-Mayer (MGM)
95,On the Basis of Sex,"$22,946,065 ","1,957","$24,622,687 ",25-Dec,Focus Features
96,A Dog's Journey,"$22,782,371 ","3,279","$22,782,371 ",17-May,Universal Pictures
97,Booksmart,"$22,680,962 ","2,518","$22,680,962 ",24-May,United Artists Releasing
98,Parasite,"$22,633,689 ","2,001","$52,784,907 ",11-Oct,Neon
99,Stuber,"$22,370,452 ","3,050","$22,370,452 ",12-Jul,Twentieth Century Fox
100,47 Meters Down: Uncaged,"$22,260,900 ","2,883","$22,260,900 ",16-Aug,Entertainment Studios Motion Pictures
101,Black and Blue,"$22,047,506 ","2,062","$22,055,313 ",25-Oct,Screen Gems
102,Hellboy,"$21,903,748 ","3,303","$21,903,748 ",12-Apr,Lionsgate
103,Shaft,"$21,360,215 ","2,952","$21,360,215 ",14-Jun,Warner Bros.
104,Jojo Rabbit,"$21,059,726 ","1,173","$33,319,861 ",18-Oct,Fox Searchlight Pictures
105,The Peanut Butter Falcon,"$20,457,151 ","1,490","$20,457,151 ",9-Aug,Roadside Attractions
106,UglyDolls,"$20,150,241 ","3,652","$20,150,241 ",3-May,STX Entertainment
107,Cats,"$19,970,095 ","3,380","$27,166,770 ",20-Dec,Universal Pictures
108,Unplanned,"$19,006,109 ","1,516","$19,005,109 ",29-Mar,Pure Flix Entertainment
109,The Favourite,"$18,478,318 ","1,554","$34,366,783 ",23-Nov,Fox Searchlight Pictures
110,Bombshell,"$18,117,885 ","1,721","$31,762,808 ",13-Dec,Lionsgate
111,Richard Jewell,"$17,822,217 ","2,502","$22,345,542 ",13-Dec,Warner Bros.
112,Charlie's Angels,"$17,756,400 ","3,452","$17,803,077 ",15-Nov,Sony Pictures Releasing
113,The Farewell,"$17,695,781 ",891,"$17,695,781 ",12-Jul,A24
114,Brightburn,"$17,300,439 ","2,607","$17,300,439 ",24-May,Screen Gems
115,The Good Liar,"$16,973,279 ","2,454","$17,156,058 ",15-Nov,Warner Bros.
116,The Kid Who Would Be King,"$16,790,790 ","3,528","$16,790,790 ",25-Jan,Twentieth Century Fox
117,Missing Link,"$16,649,539 ","3,437","$16,649,539 ",12-Apr,United Artists Releasing
118,Second Act,"$15,737,285 ","2,607","$39,282,227 ",21-Dec,STX Entertainment
119,Late Night,"$15,499,454 ","2,220","$15,499,454 ",7-Jun,Amazon Studios
120,Miss Bala,"$15,006,824 ","2,203","$15,006,824 ",1-Feb,Sony Pictures Releasing
121,The Prodigy,"$14,856,291 ","2,530","$14,856,291 ",8-Feb,Orion Pictures
122,A Star Is Born,"$14,130,981 ","3,904","$215,288,866 ",5-Oct,Warner Bros.
123,Poms,"$13,631,124 ","2,750","$13,631,124 ",10-May,STX Entertainment
124,If Beale Street Could Talk,"$12,786,569 ","1,018","$14,915,773 ",14-Dec,Annapurna Pictures
125,They Shall Not Grow Old,"$12,253,074 ","1,335","$17,956,913 ",17-Dec,Warner Bros.
,2018 Re-release,,,,,
126,The Kitchen,"$12,180,032 ","2,745","$12,180,032 ",9-Aug,Warner Bros.
127,After,"$12,138,565 ","2,138","$12,138,565 ",12-Apr,Aviron Pictures
128,Blinded by the Light,"$11,901,145 ","2,307","$11,901,145 ",16-Aug,Warner Bros.
129,The Lighthouse,"$10,772,524 ",978,"$10,867,104 ",18-Oct,A24
130,Dark Waters,"$10,633,879 ","2,112","$11,136,084 ",22-Nov,Focus Features
131,Greta,"$10,532,219 ","2,417","$10,532,219 ",1-Mar,Focus Features
132,The Best of Enemies,"$10,205,616 ","1,705","$10,205,616 ",5-Apr,STX Entertainment
133,Black Christmas,"$9,867,670 ","2,625","$10,429,730 ",13-Dec,Universal Pictures
134,Hotel Mumbai,"$9,651,611 ",930,"$9,651,611 ",22-Mar,Bleecker Street Media
135,Holmes & Watson,"$9,324,376 ","2,780","$30,573,626 ",25-Dec,Sony Pictures Releasing
136,Motherless Brooklyn,"$9,277,736 ","1,342","$9,277,736 ",1-Nov,Warner Bros.
137,No Manches Frida 2,"$9,270,920 ",472,"$9,270,920 ",15-Mar,Pantelion Films
138,"Where'd You Go, Bernadette","$9,198,356 ","2,404","$9,198,356 ",16-Aug,United Artists Releasing
139,Apollo 11,"$9,039,891 ",588,"$9,039,891 ",1-Mar,Neon
140,Serenity,"$8,547,045 ","2,561","$8,547,045 ",25-Jan,Aviron Pictures
141,Anna,"$7,743,794 ","2,114","$7,743,794 ",21-Jun,Lionsgate
142,Penguins,"$7,699,452 ","1,815","$7,699,452 ",17-Apr,Walt Disney Studios Motion Pictures
143,Brittany Runs a Marathon,"$7,189,808 ","1,033","$7,189,808 ",23-Aug,Amazon Studios
144,Mary Queen of Scots,"$6,742,269 ","1,052","$16,468,499 ",7-Dec,Focus Features
145,The Dead Don't Die,"$6,563,605 ",690,"$6,563,605 ",14-Jun,Focus Features
146,Jexi,"$6,546,159 ","2,332","$6,546,159 ",11-Oct,Lionsgate
147,Run the Race,"$6,424,420 ","1,075","$6,424,420 ",22-Feb,Roadside Attractions
148,Free Solo,"$6,300,518 ",483,"$17,541,090 ",28-Sep,National Geographic Entertainment
149,The Current War: Director's Cut,"$5,979,540 ","1,082","$5,979,540 ",25-Oct,101 Studios
150,Captive State,"$5,958,315 ","2,549","$5,958,315 ",15-Mar,Focus Features
151,The Wandering Earth,"$5,875,487 ",129,"$5,875,487 ",5-Feb,CMC Pictures
152,Arctic Dogs,"$5,801,249 ","2,844","$5,801,249 ",1-Nov,Entertainment Studios Motion Pictures
153,Gloria Bell,"$5,611,123 ","1,127","$5,611,123 ",8-Mar,A24
154,Gully Boy,"$5,566,534 ",270,"$5,566,534 ",14-Feb,-
155,Stan & Ollie,"$5,386,243 ",754,"$5,470,235 ",28-Dec,Sony Pictures Classics
156,The Goldfinch,"$5,332,621 ","2,542","$5,332,621 ",13-Sep,Warner Bros.
157,Don't Let Go,"$5,215,062 ",922,"$5,215,062 ",30-Aug,-
158,The Mustang,"$5,043,620 ",527,"$5,043,620 ",15-Mar,Focus Features
159,The Sun Is Also a Star,"$4,950,029 ","2,073","$4,950,029 ",17-May,Warner Bros.
160,Bring The Soul: The Movie,"$4,809,800 ",873,"$4,809,800 ",7-Aug,Trafalgar Releasing
161,Pavarotti,"$4,600,249 ",288,"$4,600,249 ",7-Jun,CBS Films
162,Tolkien,"$4,535,154 ","1,501","$4,535,154 ",10-May,Fox Searchlight Pictures
163,The Last Black Man in San Francisco,"$4,515,719 ",207,"$4,515,719 ",7-Jun,A24
164,War,"$4,486,000 ",305,"$4,654,000 ",2-Oct,Yash Raj Films
165,Cold War,"$4,427,217 ",270,"$4,580,048 ",21-Dec,Amazon Studios
,2018 Re-release,,,,,
166,Menteur,"$4,403,322 ",89,"$4,697,364 ",12-Jul,Entertainment One
167,Brian Banks,"$4,376,819 ","1,240","$4,376,819 ",9-Aug,Bleecker Street Media
168,The Biggest Little Farm,"$4,366,949 ",285,"$4,366,949 ",10-May,Neon
169,Dr. Seuss' The Grinch,"$4,340,540 ","4,141","$270,620,950 ",9-Nov,Universal Pictures
170,Amazing Grace,"$4,335,184 ",263,"$4,450,456 ",7-Dec,Neon
171,Linda Ronstadt: The Sound of My Voice,"$4,240,509 ",247,"$4,252,657 ",6-Sep,Greenwich Entertainment
172,Uri: The Surgical Strike,"$4,186,168 ",132,"$4,186,168 ",11-Jan,-
,2019 Re-release,,,,,
173,Replicas,"$4,046,429 ","2,329","$4,046,429 ",11-Jan,Entertainment Studios Motion Pictures
174,Pain and Glory,"$3,873,727 ",266,"$4,566,056 ",4-Oct,Sony Pictures Classics
175,Ne Zha,"$3,695,533 ",135,"$3,695,533 ",29-Aug,Well Go USA Entertainment
176,Mission Mangal,"$3,659,413 ",263,"$3,659,413 ",15-Aug,FIP
177,The Oscar Nominated Short Films 2019: Documentary,"$3,531,094 ",415,"$3,531,094 ",8-Feb,Shorts International
178,BTS World Tour: Love Yourself in Seoul,"$3,509,917 ",997,"$3,509,917 ",26-Jan,Fathom Events
179,The Beach Bum,"$3,502,600 ","1,100","$3,502,600 ",29-Mar,Neon
180,Echo in the Canyon,"$3,355,324 ",147,"$3,355,324 ",24-May,Greenwich Entertainment
181,Creed II,"$3,267,369 ","3,752","$115,715,889 ",21-Nov,Metro-Goldwyn-Mayer (MGM)
182,Jay and Silent Bob Reboot,"$3,258,814 ",788,"$4,589,490 ",15-Oct,Saban Films
183,Maiden,"$3,164,840 ",180,"$3,168,978 ",28-Jun,Sony Pictures Classics
184,Simmba,"$2,991,179 ",301,"$5,102,129 ",28-Dec,Reliance Big Pictures
185,Bharat,"$2,971,549 ",311,"$2,971,549 ",5-Jun,-
186,Honey Boy,"$2,939,993 ",460,"$3,012,615 ",8-Nov,Amazon Studios
187,Friends 25th: The One With The Anniversary,"$2,884,827 ","1,586","$2,884,827 ",23-Sep,Fathom Events
188,Saaho,"$2,872,057 ",381,"$2,872,057 ",29-Aug,Yash Raj Films
189,Fantastic Beasts: The Crimes of Grindelwald,"$2,774,042 ","4,163","$159,555,901 ",16-Nov,Warner Bros.
190,Kalank,"$2,729,336 ",320,"$2,729,336 ",17-Apr,FIP
191,Tod@s Caen,"$2,670,925 ",371,"$2,670,925 ",30-Aug,Pantelion Films
192,Everybody Knows,"$2,660,165 ",283,"$2,660,165 ",8-Feb,Focus Features
193,Instant Family,"$2,518,231 ","3,426","$67,363,237 ",16-Nov,Paramount Pictures
194,The Art of Self-Defense,"$2,410,914 ",550,"$2,410,914 ",12-Jul,Bleecker Street Media
195,Arctic,"$2,410,795 ",268,"$2,410,795 ",1-Feb,Bleecker Street Media
,2019 Re-release,,,,,
196,Welcome to Marwen,"$2,405,625 ","1,911","$10,763,520 ",21-Dec,Universal Pictures
197,"My People, My Country","$2,356,683 ",83,"$2,356,683 ",1-Oct,CMC Pictures
198,Promare,"$2,287,950 ",701,"$2,313,596 ",17-Sep,GKIDS
199,Super 30,"$2,269,878 ",317,"$2,269,878 ",12-Jul,Reliance Big Pictures
200,Faustina: Love and Mercy,"$2,243,180 ",810,"$2,243,180 ",28-Oct,Fathom Events
201,Gone with the Wind,"$2,176,120 ",717,"$2,176,120 ",28-Feb,Fathom Events
,2019 Re-release,,,,,
202,3 from Hell,"$2,172,949 ",667,"$2,172,949 ",16-Sep,Saban Films
203,Total Dhamaal,"$2,167,632 ",209,"$2,167,632 ",22-Feb,FIP
204,Housefull 4,"$2,109,160 ",315,"$2,109,160 ",25-Oct,FIP
205,Shoplifters,"$2,092,669 ",144,"$3,313,513 ",23-Nov,Magnolia Pictures
206,The Wizard of Oz,"$2,076,020 ",681,"$2,076,020 ",27-Jan,Fathom Events
,2019 Re-release,,,,,
207,Luce,"$2,010,613 ",235,"$2,010,613 ",2-Aug,Neon
208,Chhichhore,"$2,004,400 ",195,"$2,004,400 ",6-Sep,FIP
209,Official Secrets,"$1,988,618 ",485,"$1,988,546 ",30-Aug,IFC Films
210,Better Days,"$1,921,657 ",88,"$1,921,657 ",8-Nov,Well Go USA Entertainment
211,Badla,"$1,861,000 ",115,"$1,861,000 ",8-Mar,Reliance Big Pictures
212,The White Crow,"$1,828,784 ",365,"$1,828,784 ",26-Apr,Sony Pictures Classics
213,Ben Is Back,"$1,827,480 ",598,"$3,703,184 ",7-Dec,Roadside Attractions
214,Pandas,"$1,816,106 ",35,"$7,574,012 ",6-Apr,Warner Bros.
215,The Other Side of Heaven 2: Fire of Faith,"$1,807,216 ",205,"$1,807,216 ",28-Jun,ArtAffects Entertainment
216,Ip Man 4: The Finale,"$1,775,960 ",125,"$3,956,031 ",25-Dec,Well Go USA Entertainment
217,Wild Rose,"$1,635,117 ",195,"$1,635,117 ",21-Jun,Neon
218,The Aftermath,"$1,618,497 ",344,"$1,618,497 ",15-Mar,Fox Searchlight Pictures
219,Made for More,"$1,589,250 ",703,"$2,999,134 ",2-Aug,Fathom Events
220,Red Joan,"$1,579,730 ",195,"$1,579,730 ",19-Apr,IFC Films
221,After the Wedding,"$1,574,258 ",428,"$1,574,258 ",9-Aug,Sony Pictures Classics
222,Extreme Job,"$1,565,885 ",26,"$1,565,885 ",25-Jan,CJ Entertainment
223,Waves,"$1,562,941 ",570,"$1,658,790 ",15-Nov,A24
224,Qué León,"$1,556,856 ",86,"$2,607,916 ",29-Nov,Spanglish Movies
225,Capernaum,"$1,545,118 ",136,"$1,661,096 ",14-Dec,Sony Pictures Classics
226,The Kid,"$1,508,593 ",268,"$1,508,593 ",8-Mar,Lionsgate
227,Kinky Boots: The Musical,"$1,414,290 ",492,"$900,451 ",25-Jun,Fathom Events
228,Destroyer,"$1,411,224 ",235,"$1,533,324 ",25-Dec,Annapurna Pictures
229,The Wife,"$1,402,934 ",541,"$9,601,092 ",17-Aug,Sony Pictures Classics
230,El Chicano,"$1,400,603 ",605,"$1,400,603 ",3-May,-
231,Fantastic Fungi,"$1,358,874 ",37,"$1,788,322 ",20-Sep,Area 23a
232,1917,"$1,326,178 ","3,987","$158,399,814 ",25-Dec,Universal Pictures
233,Spirited Away,"$1,322,927 ",768,"$1,322,927 ",27-Oct,Fathom Events
,2019 Re-release,,,,,
234,Never Look Away,"$1,299,506 ",122,"$1,304,042 ",30-Nov,Sony Pictures Classics
235,Pilgrim's Progress,"$1,294,596 ",758,"$1,294,596 ",18-Apr,Fathom Events
236,Can You Ever Forgive Me?,"$1,273,561 ",555,"$8,803,865 ",19-Oct,Fox Searchlight Pictures
237,Asterix: The Secret of the Magic Potion,"$1,271,953 ",76,"$1,271,953 ",15-Feb,Entertainment One
238,Metallica & San Francisco Symphony - S&M2,"$1,252,385 ",655,"$1,252,385 ",9-Oct,Trafalgar Releasing
239,BTS World Tour 'Love Yourself: Speak Yourself' (The Final) Seoul Live Viewing,"$1,226,552 ",490,"$1,226,552 ",27-Oct,Fathom Events
240,High Life,"$1,225,852 ",146,"$1,225,852 ",5-Apr,A24
241,All Is True,"$1,200,481 ",328,"$1,200,481 ",10-May,Sony Pictures Classics
242,Kingdom Men Rising,"$1,188,936 ",705,"$1,188,936 ",29-Apr,Fathom Events
243,Los Domirriqueños 2,"$1,187,280 ",82,"$1,187,280 ",14-Mar,Spanglish Movies
244,Ek Ladki Ko Dekha Toh Aisa Laga,"$1,182,636 ",193,"$1,182,636 ",1-Feb,FIP
245,No Safe Spaces,"$1,159,359 ",200,"$1,291,514 ",25-Oct,Atlas Distribution Company
246,Nothing to Lose 2,"$1,150,551 ",105,"$1,150,551 ",27-Sep,-
247,Western Stars,"$1,141,681 ",553,"$1,581,681 ",25-Oct,Warner Bros.
248,Konosuba!: God's Blessing on This Wonderful World! - Legend of Crimson,"$1,134,786 ",692,"$1,134,786 ",12-Nov,Fathom Events
249,My Neighbor Totoro,"$1,105,564 ",767,"$1,105,564 ",25-Aug,Fathom Events
,2019 Re-release,,,,,
250,Playmobil: The Movie,"$1,104,483 ","2,337","$1,115,008 ",6-Dec,STX Entertainment
251,Mortal Engines,"$1,056,865 ","3,103","$15,951,040 ",14-Dec,Universal Pictures
252,Bennett's War,"$1,056,416 ",970,"$1,056,416 ",30-Aug,-
253,Princess Mononoke,"$1,046,446 ",752,"$1,046,446 ",17-Nov,Fathom Events
,2019 Re-release,,,,,
254,Luka Chuppi,"$1,042,905 ",139,"$1,042,905 ",1-Mar,-
255,The Souvenir,"$1,036,737 ",145,"$1,036,737 ",17-May,A24
256,Noah: The Musical,"$1,035,603 ",669,"$1,035,603 ",9-Apr,Fathom Events
257,El Coyote,"$1,026,707 ",297,"$1,101,470 ",4-Oct,-
258,Perfect Strangers,"$1,014,507 ",132,"$1,014,507 ",11-Jan,Pantelion Films
259,Marianne & Leonard: Words of Love,"$1,012,034 ",101,"$1,012,034 ",5-Jul,Roadside Attractions
260,Kiki's Delivery Service,"$1,004,057 ",753,"$1,004,057 ",28-Jul,Fathom Events
,2019 Re-release,,,,,
261,BlacKkKlansman,"$1,003,380 ","1,914","$49,275,340 ",10-Aug,Focus Features
262,Jesus Is King,"$973,000 ",372,"$973,000 ",25-Oct,IMAX
263,Rush: Cinema Strangiato 2019,"$960,073 ",494,"$960,073 ",21-Aug,Trafalgar Releasing
264,The Fighting Preacher,"$954,744 ",37,"$954,641 ",24-Jul,Purdie Distribution
265,Toni Morrison: The Pieces I Am,"$903,018 ",78,"$903,018 ",21-Jun,Magnolia Pictures
266,A Hidden Life,"$877,550 ",151,"$1,730,597 ",13-Dec,Fox Searchlight Pictures
267,Between Me and My Mind,"$875,191 ",488,"$875,191 ",17-Jul,Trafalgar Releasing
268,Howl's Moving Castle,"$865,647 ",748,"$865,647 ",7-Apr,Fathom Events
,2019 Re-release,,,,,
269,Pati Patni Aur Woh,"$864,859 ",130,"$874,044 ",6-Dec,Eros International
270,Steel Magnolias,"$855,421 ",689,"$855,421 ",19-May,Fathom Events
,2019 Re-release,,,,,
271,Woman at War,"$847,495 ",66,"$847,495 ",1-Mar,Magnolia Pictures
272,Alien,"$833,658 ",682,"$833,658 ",13-Oct,Fathom Events
,2019 Re-release,,,,,
273,Climax,"$817,339 ",217,"$817,339 ",1-Mar,A24
274,Transit,"$815,290 ",72,"$815,290 ",1-Mar,Music Box Films
275,One Piece: Stampede,"$789,506 ",541,"$1,298,528 ",24-Oct,FUNimation Entertainment
276,Chonda Pierce: Unashamed,"$787,979 ",783,"$787,979 ",7-May,Fathom Events
277,Student of the Year 2,"$778,566 ",190,"$778,566 ",10-May,FIP
278,The Church,"$772,000 ",252,"$772,000 ",24-May,Indican Pictures
279,Patterns of Evidence: Moses Controversy,"$765,361 ",896,"$765,361 ",14-Mar,Fathom Events
280,I Love Lucy: A Colorized Celebration,"$754,323 ",634,"$754,323 ",6-Aug,Fathom Events
281,Joni 75: A Birthday Celebration,"$752,205 ",405,"$752,205 ",7-Feb,Trafalgar Releasing
282,The Game Changers,"$739,711 ",610,"$739,711 ",16-Sep,Fathom Events
283,David Crosby: Remember My Name,"$732,686 ",67,"$732,793 ",19-Jul,Sony Pictures Classics
284,More Than Blue,"$722,669 ",40,"$722,669 ",15-Mar,China Lion Film Distribution
285,Honeyland,"$711,628 ",56,"$815,082 ",26-Jul,Neon
286,Where's My Roy Cohn?,"$705,374 ",66,"$705,274 ",20-Sep,Sony Pictures Classics
287,Non-Fiction,"$704,919 ",89,"$704,919 ",3-May,IFC Films
288,The Captain,"$687,295 ",47,"$706,572 ",18-Oct,Well Go USA Entertainment
289,Raise Hell: The Life & Times of Molly Ivins,"$684,824 ",42,"$694,410 ",30-Aug,Magnolia Pictures
290,Spirits in the Forest,"$678,949 ",388,"$704,744 ",21-Nov,Trafalgar Releasing
291,The Sky Is Pink,"$652,592 ",194,"$652,592 ",11-Oct,-
292,Racetime,"$646,415 ",86,"$1,875,283 ",7-Dec,Entertainment One
293,Dirty Dancing,"$622,968 ",650,"$622,968 ",10-Feb,Fathom Events
,2019 Re-release,,,,,
294,Miles Davis: Birth of the Cool,"$612,246 ",31,"$614,201 ",23-Aug,Abramorama
295,Roger Waters - Us + Them,"$611,644 ",497,"$611,644 ",2-Oct,Trafalgar Releasing
296,The Muppet Movie,"$610,475 ",727,"$610,475 ",25-Jul,Fathom Events
,2019 Re-release,,,,,
297,The White Storm 2: Drug Lords,"$609,461 ",54,"$609,461 ",12-Jul,CMC Pictures
298,The Least of These: The Graham Staines Story,"$607,015 ",625,"$607,015 ",31-Jan,Fathom Events
299,The Chaperone,"$600,654 ",128,"$600,654 ",28-Mar,PBS Distribution
300,Furie,"$594,788 ",27,"$594,788 ",1-Mar,Well Go USA Entertainment
301,To Kill a Mockingbird,"$592,237 ",668,"$592,237 ",24-Mar,Fathom Events
,2019 Re-release,,,,,
302,Bethany Hamilton: Unstoppable,"$590,671 ",205,"$590,671 ",12-Jul,Entertainment Studios Motion Pictures
303,The Public,"$573,503 ",263,"$573,503 ",5-Apr,Greenwich Entertainment
304,My Fair Lady,"$560,711 ",652,"$560,711 ",17-Feb,Fathom Events
,2019 Re-release,,,,,
305,Fiddler: A Miracle of Miracles,"$549,386 ",77,"$549,386 ",23-Aug,Roadside Attractions
306,Everybody's Everything,"$547,207 ",121,"$547,207 ",12-Nov,Gunpowder & Sky
307,"DCI 2019: Big, Loud & Live 16","$546,060 ",513,"$546,060 ",8-Aug,Fathom Events
308,La femme de mon frère,"$539,524 ",30,"$539,524 ",7-Jun,Entertainment One
309,Grateful Dead Meet-Up 2019,"$537,153 ",503,"$537,153 ",1-Aug,Trafalgar Releasing
310,Code Geass: Lelouch of the Re;Surrection,"$522,805 ",490,"$522,805 ",5-May,FUNimation Entertainment
,2019 Re-release,,,,,
311,Shadow,"$521,396 ",53,"$521,396 ",3-May,Well Go USA Entertainment
312,Long Day's Journey Into Night,"$521,365 ",24,"$521,365 ",12-Apr,Kino Lorber
313,The Spy Behind Home Plate,"$519,525 ",31,"$519,525 ",24-May,Ciesla Foundation
314,Wild Nights with Emily,"$519,487 ",78,"$519,487 ",12-Apr,Greenwich Entertainment
315,Saving Private Ryan,"$508,694 ",642,"$508,694 ",2-Jun,Fathom Events
,2019 Re-release,,,,,
316,Birds of Passage,"$507,259 ",97,"$507,259 ",13-Feb,The Orchard
317,Tel Aviv on Fire,"$504,265 ",37,"$506,145 ",2-Aug,Cohen Media Group
318,Widows,"$498,459 ","2,803","$42,402,632 ",16-Nov,Twentieth Century Fox
319,Whisper of the Heart,"$498,156 ",745,"$498,156 ",1-Jul,Fathom Events
,2019 Re-release,,,,,
320,Nausicaä of the Valley of the Wind,"$495,770 ",751,"$495,770 ",20-May,Fathom Events
,2019 Re-release,,,,,
321,Crazy Rich Asians,"$493,850 ","3,865","$174,532,921 ",15-Aug,Warner Bros.
322,Batla House,"$493,180 ",81,"$493,180 ",15-Aug,-
323,The Climbers,"$487,157 ",102,"$487,157 ",30-Sep,Well Go USA Entertainment
324,The Russian Five,"$485,049 ",44,"$485,049 ",21-Mar,-
325,The Great Alaskan Race,"$484,068 ",447,"$485,603 ",25-Oct,-
326,Exit,"$483,152 ",19,"$470,699 ",2-Aug,CJ Entertainment
327,Lawrence of Arabia,"$482,281 ",661,"$482,281 ",1-Sep,Fathom Events
,2019 Re-release,,,,,
328,CatVideoFest,"$470,923 ",103,"$470,923 ",15-Feb,Oscilloscope
329,Panipat,"$461,863 ",175,"$461,863 ",6-Dec,Reliance Entertainment
330,Christmas Jars,"$459,462 ",789,"$459,462 ",4-Nov,Fathom Events
331,Gorillaz: Reject False Icons,"$453,687 ",284,"$453,687 ",16-Dec,Trafalgar Releasing
332,Cruel Intentions,"$445,218 ",708,"$445,218 ",22-Mar,Sony Pictures Releasing
,2019 Re-release,,,,,
333,Teen Spirit,"$441,366 ",696,"$441,366 ",12-Apr,Bleecker Street Media
334,At Eternity's Gate,"$441,270 ",178,"$2,294,915 ",16-Nov,CBS Films
335,Merci pour tout,"$437,044 ",76,"$1,073,969 ",25-Dec,-
336,Les Misérables: The Staged Concert,"$436,047 ",488,"$459,478 ",6-Dec,Trafalgar Releasing
337,De De Pyaar De,"$425,934 ",104,"$425,934 ",17-May,Yash Raj Films
338,Hail Satan?,"$424,284 ",67,"$424,284 ",17-Apr,Magnolia Pictures
339,Ben-Hur,"$422,622 ",649,"$422,622 ",14-Apr,Fathom Events
,2019 Re-release,,,,,
340,Killing Sarai,"$422,331 ",160,"$425,332 ",6-Dec,Pantelion Films
341,Fate/stay night [Heaven's Feel] II. lost butterfly,"$420,595 ",515,"$420,595 ",14-Mar,Fathom Events
342,Ash Is Purest White,"$420,589 ",49,"$422,814 ",15-Mar,Cohen Media Group
343,The Cold Blue,"$420,177 ",702,"$420,177 ",23-May,Fathom Events
344,The Reliant,"$408,747 ",722,"$408,747 ",24-Oct,Fathom Events
345,The Invisibles,"$407,373 ",19,"$407,373 ",25-Jan,Greenwich Entertainment
346,Monos,"$406,473 ",50,"$406,473 ",13-Sep,Neon
347,Meet Me in St. Louis,"$403,521 ",679,"$403,521 ",8-Dec,Fathom Events
,75th Anniversary,,,,,
348,"Hello, Dolly!","$400,881 ",669,"$400,881 ",11-Aug,Fathom Events
349,The Nightingale,"$400,209 ",79,"$400,209 ",2-Aug,IFC Films
350,Mia and the White Lion,"$399,471 ",312,"$399,471 ",12-Apr,-
351,The Man Who Killed Don Quixote,"$391,963 ",756,"$391,963 ",10-Apr,Screen Media Films
352,The Wedding Guest,"$386,166 ",96,"$386,166 ",1-Mar,IFC Films
353,The Secret World of Arrietty,"$384,289 ",750,"$384,289 ",29-Sep,Fathom Events
,2019 Re-release,,,,,
354,What We Left Behind: Star Trek DS9,"$382,457 ",795,"$382,457 ",13-May,Fathom Events
355,The Cure: Anniversary 1978-2018 Live in Hyde Park,"$378,405 ",346,"$378,405 ",11-Jul,Trafalgar Releasing
356,The Hummingbird Project,"$371,784 ",232,"$371,784 ",15-Mar,The Orchard
357,Ghostbusters,"$369,612 ",546,"$369,612 ",6-Oct,Fathom Events
,2019 Re-release,,,,,
358,Matthias & Maxime,"$369,363 ",53,"$374,739 ",9-Oct,Entertainment One
359,The Shawshank Redemption,"$358,507 ",669,"$358,507 ",22-Sep,Fathom Events
,2019 Re-release,,,,,
360,The Tomorrow Man,"$354,103 ",207,"$354,103 ",22-May,Bleecker Street Media
361,Star Trek: The Motion Picture,"$346,243 ",627,"$346,243 ",15-Sep,Fathom Events
,2019 Re-release,,,,,
362,Photograph,"$344,534 ",123,"$344,534 ",17-May,Amazon Studios
363,Diane,"$336,166 ",64,"$336,166 ",29-Mar,IFC Films
364,Millennium Actress,"$335,609 ",512,"$225,250 ",13-Aug,Fathom Events
,2019 Re-release,,,,,
365,A Silent Voice: The Movie,"$333,984 ",581,"$333,984 ",28-Jan,Fathom Events
,2019 Re-release,,,,,
366,The Big Fight Live: IBF Welterweight Title: Errol Spence Jr. vs. Mikey Garcia,"$328,979 ",288,"$328,979 ",16-Mar,Fathom Events
367,P Storm,"$326,711 ",30,"$326,711 ",4-Apr,CMC Pictures
368,National Theatre Live: Fleabag,"$326,283 ",399,"$326,283 ",18-Nov,Fathom Events
369,Sword of Trust,"$322,421 ",78,"$322,421 ",12-Jul,IFC Films
370,Lucy in the Sky,"$319,976 ",231,"$319,976 ",4-Oct,Fox Searchlight Pictures
371,You Are Here: A Come From Away Story,"$318,885 ",781,"$318,885 ",11-Sep,Fathom Events
372,Josh Groban Bridges from Madison Square Garden,"$315,173 ",390,"$315,173 ",8-Feb,Trafalgar Releasing
373,Bolshoi Ballet: The Sleeping Beauty,"$311,368 ",355,"$311,368 ",10-Mar,Fathom Events
374,DanTDM Presents The Contest,"$307,484 ",684,"$307,484 ",2-Nov,Fathom Events
375,K-12,"$303,230 ",81,"$303,230 ",5-Sep,Abramorama
376,Aquarela,"$302,864 ",69,"$307,346 ",16-Aug,Sony Pictures Classics
377,Ask Dr. Ruth,"$297,195 ",110,"$297,195 ",3-May,Magnolia Pictures
378,Line Walker 2: Invisible Spy,"$296,751 ",17,"$296,751 ",16-Aug,Well Go USA Entertainment
379,Junglee,"$295,784 ",70,"$295,784 ",29-Mar,-
380,The Giant Spider Invasion,"$293,053 ",685,"$293,053 ",15-Aug,Fathom Events
381,Stockholm,"$292,590 ",122,"$292,590 ",12-Apr,-
382,The Godfather: Part II,"$291,754 ",681,"$291,754 ",10-Nov,Fathom Events
,45th Anniversary,,,,,
383,Killerman,"$291,477 ",322,"$291,477 ",30-Aug,Blue Fox Entertainment
384,The Bravest,"$290,217 ",150,"$290,217 ",9-Aug,Sony Pictures Releasing
385,Saga of Tanya the Evil - The Movie,"$288,460 ",518,"$288,460 ",16-May,Fathom Events
386,Khalid: Free Spirit,"$284,229 ",382,"$284,229 ",3-Apr,Trafalgar Releasing
387,Mike Wallace Is Here,"$281,245 ",39,"$281,245 ",26-Jul,Magnolia Pictures
388,The Whistleblower,"$280,851 ",133,"$280,851 ",6-Dec,CMC Pictures Holdings
389,Octaman,"$280,710 ",668,"$280,710 ",18-Apr,Fathom Events
390,The Nutcracker and the Four Realms,"$277,082 ","3,766","$54,858,851 ",2-Nov,Walt Disney Studios Motion Pictures
391,I Want to Eat Your Pancreas,"$277,019 ",427,"$277,019 ",7-Feb,Fathom Events
392,Freaks,"$276,591 ",111,"$276,591 ",13-Sep,Well Go USA Entertainment
393,True Grit,"$276,418 ",614,"$276,418 ",5-May,Fathom Events
,2019 Re-release,,,,,
394,The Tale of The Princess Kaguya,"$271,681 ",737,"$271,681 ",16-Dec,Fathom Events
,2019 Re-release,,,,,
395,Shakira in Concert: El Dorado World Tour,"$271,586 ",500,"$271,586 ",13-Nov,Trafalgar Releasing
396,Is It Wrong to Try to Pick Up Girls in a Dungeon - Arrow of the Orion,"$271,489 ",614,"$271,489 ",23-Jul,Fathom Events
397,One Child Nation,"$270,128 ",36,"$270,128 ",9-Aug,Amazon Studios
398,Just Mercy,"$267,881 ","2,457","$35,927,487 ",25-Dec,Warner Bros.
399,Slayer: The Repentless Killogy,"$266,895 ",494,"$268,727 ",6-Nov,Trafalgar Releasing
400,Luzia: Cirque du Soleil in Cinema,"$265,673 ",784,"$265,673 ",29-Oct,Fathom Events
401,Out of Liberty,"$265,279 ",36,"$265,279 ",13-Sep,Purdie Distribution
402,Modest Heroes,"$264,579 ",370,"$178,027 ",10-Jan,Fathom Events
403,Smallfoot,"$263,482 ","4,131","$83,240,103 ",28-Sep,Warner Bros.
404,Star Raiders: The Adventures of Saber Raine,"$260,234 ",665,"$260,234 ",6-Jun,Fathom Events
405,Mobile Suit Gundam Narrative,"$259,224 ",449,"$259,224 ",19-Feb,Fathom Events
406,Her Smell,"$255,599 ",69,"$255,599 ",12-Apr,Gunpowder & Sky
407,Lords of Chaos,"$253,184 ",75,"$253,184 ",8-Feb,Gunpowder & Sky
408,Bolshoi Ballet: The Nutcracker,"$252,935 ",401,"$252,935 ",15-Dec,Fathom Events
409,When Harry Met Sally...,"$252,320 ",660,"$252,320 ",1-Dec,Fathom Events
,30th Anniversary,,,,,
410,I Got the Hook Up 2,"$252,293 ",40,"$252,293 ",12-Jul,-
411,Canal Street,"$251,917 ",73,"$251,917 ",18-Jan,-
412,Meeting Gorbachev,"$251,837 ",42,"$251,837 ",3-May,1091 Media
413,The Twilight Zone: A 60th Anniversary Celebration,"$248,514 ",677,"$248,514 ",14-Nov,Fathom Events
414,Doctor Who: The End of Time: Part One,"$247,798 ",745,"$247,798 ",7-Aug,Fathom Events
415,Friendsgiving Day #1,"$246,168 ",766,"$246,168 ",24-Nov,Fathom Events
416,63 Up,"$240,715 ",28,"$480,969 ",27-Nov,BritBox
417,311 Enlarged to Show Detail 3,"$238,791 ",239,"$238,791 ",11-Mar,Trafalgar Releasing
418,Give Me Liberty,"$238,130 ",18,"$242,734 ",23-Aug,Music Box Films
419,American Woman,"$236,637 ",117,"$236,637 ",14-Jun,Roadside Attractions
420,Romeo Akbar Walter,"$236,299 ",101,"$236,299 ",5-Apr,Eros International
421,Premier Boxing Champions: PBC on FOX: Spence vs. Porter,"$232,973 ",239,"$232,973 ",28-Sep,Fathom Events
422,DAZN Boxing: Canelo Alvarez vs. Daniel Jacobs,"$230,703 ",426,"$230,703 ",4-May,Fathom Events
423,Under the Sea 3D,"$229,299 ",108,"$36,262,926 ",13-Feb,Warner Bros.
424,Mine 9,"$226,421 ",29,"$226,421 ",12-Apr,-
425,Premier Boxing Champions: PBC on FOX PPV: Pacquiao vs. Thurman,"$223,858 ",194,"$223,858 ",20-Jul,Fathom Events
426,Never Surrender: A Galaxy Quest Documentary,"$222,971 ",556,"$222,971 ",26-Nov,Fathom Events
427,First Love,"$218,329 ",40,"$218,329 ",27-Sep,Well Go USA Entertainment
428,"The Gangster, the Cop, the Devil","$216,494 ",21,"$216,494 ",7-Jun,Well Go USA Entertainment
429,The Karate Kid,"$215,447 ",588,"$215,447 ",31-Mar,Fathom Events
,2019 Re-release,,,,,
430,The Possession of Hannah Grace,"$215,212 ","2,298","$14,837,422 ",30-Nov,Screen Gems
431,Hamlet,"$214,578 ",572,"$214,578 ",8-Jul,Fathom Events
,2019 Re-release,,,,,
432,"Faith, Hope & Love","$210,091 ",18,"$210,091 ",15-Mar,ArtAffects Entertainment
433,Master Z: The Ip Man Legacy,"$209,454 ",61,"$209,454 ",12-Apr,Well Go USA Entertainment
434,Kathy Griffin: A Hell of a Story,"$208,907 ",648,"$208,907 ",31-Jul,Fathom Events
435,Play the Flute,"$207,663 ",11,"$239,411 ",28-Jan,Five & Two Pictures
436,Bolshoi Ballet: Carmen Suite/Petrushka,"$207,523 ",362,"$207,523 ",19-May,Fathom Events
437,The Iron Orchard,"$204,881 ",42,"$204,881 ",22-Feb,-
438,Hesburgh,"$204,709 ",36,"$204,709 ",26-Apr,Music Box Films
439,Venom,"$203,111 ","4,250","$213,515,506 ",5-Oct,Sony Pictures Releasing
440,Forrest Gump,"$203,088 ",560,"$203,088 ",23-Jun,Fathom Events
,2019 Re-release,,,,,
441,Dabangg 3,"$202,000 ",294,"$202,000 ",20-Dec,Yash Raj Films
442,Blink of an Eye,"$201,874 ",517,"$201,874 ",12-Sep,Fathom Events
443,Friendsgiving Day #2,"$198,869 ",766,"$198,869 ",25-Nov,Fathom Events
444,Chasing the Dragon II: Wild Wild Bunch,"$196,634 ",16,"$196,634 ",7-Jun,Well Go USA Entertainment
445,Family,"$194,601 ",107,"$194,601 ",19-Apr,The Film Arcade
446,A Beautiful Planet,"$190,603 ",155,"$15,650,615 ",29-Apr,IMAX
447,Heading Home: The Tale of Team Israel,"$190,583 ",7,"$207,533 ",14-Dec,Menemsha Films
448,Bolshoi Ballet: Le Corsaire,"$190,192 ",383,"$190,192 ",17-Nov,Fathom Events
449,The Divine Plan,"$190,031 ",-,"$190,031 ",6-Nov,Fathom Events
450,Pagalpanti,"$189,666 ",116,"$423,340 ",22-Nov,Eros International
451,Mr. Klein,"$188,287 ",6,"$192,076 ",6-Sep,Rialto Pictures
,Re-release,,,,,
452,42nd Street: The Musical,"$187,440 ",515,"$187,440 ",1-May,Fathom Events
453,The River and the Wall,"$185,504 ",57,"$183,602 ",3-May,Gravitas Ventures
454,To Dust,"$184,495 ",23,"$184,495 ",8-Feb,Good Deed Entertainment
455,Giant Little Ones,"$181,507 ",32,"$181,507 ",1-Mar,Vertical Entertainment
456,Raymonda: Bolshoi Ballet,"$181,361 ",383,"$181,361 ",27-Oct,Fathom Events
457,Bolshoi Ballet: Raymonda,"$181,361 ",383,"$181,361 ",27-Oct,Fathom Events
,domestic,,,,,
458,Robin Hood,"$179,615 ","2,827","$30,824,628 ",21-Nov,Lionsgate
459,The Warrior Queen of Jhansi,"$177,289 ",277,"$177,289 ",15-Nov,Roadside Attractions
460,India's Most Wanted,"$176,858 ",110,"$176,858 ",24-May,FIP
461,"Iyengar: The Man, Yoga, and the Student's Journey","$176,387 ",11,"$176,387 ",12-Apr,Kino Lorber
462,Tigers Are Not Afraid,"$175,559 ",19,"$175,559 ",21-Aug,Variance Films
,2019 Re-release,,,,,
463,Marjaavaan,"$174,164 ",65,"$174,164 ",15-Nov,Eros International
464,Ashfall,"$172,987 ",18,"$372,562 ",19-Dec,Capelight Pictures
465,Bolshoi Ballet: The Golden Age,"$171,916 ",360,"$171,916 ",7-Apr,Fathom Events
466,Nureyev: Lifting the Curtain,"$170,038 ",18,"$165,203 ",19-Apr,-
467,Frankie,"$169,866 ",117,"$171,781 ",25-Oct,Sony Pictures Classics
468,Indian Horse,"$168,876 ",9,"$2,097,362 ",13-Apr,Elevation Pictures
469,Asbury Park: Riot Redemption Rock 'n Roll,"$167,684 ",270,"$167,684 ",22-May,Trafalgar Releasing
470,Bad Guys: The Movie,"$166,972 ",11,"$166,972 ",20-Sep,CJ Entertainment
471,Bright Ones,"$165,627 ",614,"$165,627 ",22-Apr,Fathom Events
472,Sunset,"$164,906 ",37,"$164,906 ",22-Mar,Sony Pictures Classics
473,INXS: Baby Live at Wembly Stadium,"$161,750 ",516,"$161,750 ",9-Dec,Fathom Events
474,Monty Python's Life of Brian,"$161,507 ",125,"$161,507 ",18-Apr,Trafalgar Releasing
,2019 Re-release,,,,,
475,"Diana Ross: Her Life, Love and Legacy","$160,968 ",623,"$160,968 ",26-Mar,Fathom Events
476,Batman,"$159,419 ",489,"$159,419 ",4-May,Fathom Events
,2019 Re-release,,,,,
477,Them That Follow,"$159,218 ",195,"$159,218 ",2-Aug,1091 Media
478,Synonyms,"$158,181 ",13,"$205,635 ",25-Oct,Kino Lorber
479,The World Before Your Feet,"$156,821 ",11,"$268,644 ",21-Nov,Greenwich Entertainment
480,Money,"$155,732 ",11,"$155,732 ",21-Mar,CJ Entertainment
481,The Death and Life of John F. Donovan,"$152,713 ",25,"$152,713 ",23-Aug,Entertainment One
482,Halston,"$151,991 ",30,"$151,991 ",24-May,The Orchard
483,Peterloo,"$151,971 ",92,"$151,971 ",5-Apr,Amazon Studios
484,Before You Know It,"$151,507 ",31,"$151,507 ",30-Aug,1091 Media
485,Jay Myself,"$151,331 ",17,"$151,331 ",31-Jul,Oscilloscope
486,Glory,"$150,801 ",435,"$150,801 ",21-Jul,Fathom Events
,2019 Re-release,,,,,
487,The Samuel Project,"$150,478 ",2,"$161,565 ",28-Sep,-
488,Little Woods,"$150,010 ",33,"$150,010 ",19-Apr,Neon
489,Trial by Fire,"$148,504 ",109,"$148,504 ",17-May,Roadside Attractions
490,War and Peace,"$148,503 ",3,"$148,503 ",15-Feb,Janus Films
491,Dogman,"$148,225 ",12,"$148,225 ",12-Apr,Magnolia Pictures
492,Framing John DeLorean,"$145,625 ",28,"$145,625 ",7-Jun,IFC Films
493,Hampstead,"$144,396 ",18,"$144,396 ",14-Jun,IFC Films
494,Doctor Who: Logopolis,"$143,248 ",428,"$143,248 ",13-Mar,Fathom Events
495,Hubble 3D,"$142,163 ",151,"$52,522,904 ",19-Mar,Warner Bros.
496,Canelo vs. Kovalev,"$140,820 ",471,"$140,820 ",2-Nov,Fathom Events
497,The Last Resort,"$140,330 ",13,"$158,646 ",21-Dec,Kino Lorber
498,Wilder vs. Ortiz,"$139,207 ",186,"$139,207 ",23-Nov,Fathom Events
499,Who Will Write Our History,"$138,039 ",6,"$138,039 ",18-Jan,Abramorama
500,Rafiki,"$137,968 ",26,"$137,968 ",19-Apr,Film Movement
501,Lynryd Skynyrd: Last of the Street Survivors Farewell Tour,"$137,888 ",-,"$137,888 ",7-Nov,Fathom Events
502,The Other Story,"$135,191 ",11,"$135,191 ",28-Jun,Strand Releasing
503,Okko's Inn,"$134,787 ",465,"$134,787 ",22-Apr,GKIDS
504,Palau the Movie,"$134,696 ",135,"$134,696 ",29-Mar,Trafalgar Releasing
505,Burning,"$134,130 ",27,"$718,991 ",26-Oct,Well Go USA Entertainment
506,Made in Abyss: Journey's Dawn,"$134,047 ",573,"$134,047 ",20-Mar,Fathom Events
507,Peppa Celebrates Chinese New Year,"$131,225 ",67,"$131,225 ",6-Feb,STX Entertainment
508,Mister America,"$130,897 ",125,"$130,897 ",9-Oct,Magnolia Pictures
509,The Zoya Factor,"$128,831 ",100,"$128,831 ",20-Sep,FIP
510,Woodstock,"$126,562 ",781,"$126,562 ",15-Aug,Fathom Events
511,Paris Is Burning,"$125,677 ",6,"$125,677 ",14-Jun,Janus Films
,2019 Re-release,,,,,
512,Lost & Found,"$125,173 ",6,"$125,173 ",29-Mar,-
513,Mary Magdalene,"$124,741 ",62,"$124,741 ",12-Apr,IFC Films
,2019 Re-release,,,,,
514,Easy Rider,"$123,276 ",252,"$123,276 ",14-Jul,Fathom Events
,2019 Re-release,,,,,
515,Born to Be Wild,"$121,961 ",208,"$25,978,556 ",8-Apr,Warner Bros.
516,A Tuba to Cuba,"$121,772 ",16,"$121,772 ",15-Feb,Blue Fox Entertainment
517,Avant qu'on explose,"$119,894 ",35,"$119,894 ",1-Mar,Entertainment One
518,Portrait of a Lady on Fire,"$118,603 ",334,"$3,346,388 ",6-Dec,Neon
519,The Fall of the American Empire,"$118,515 ",73,"$2,178,460 ",29-Jun,Entertainment One
520,"Ruben Brandt, Collector","$117,963 ",43,"$117,963 ",15-Feb,Sony Pictures Classics
,2018 Re-release,,,,,
521,The Reports on Sarah and Saleem,"$117,479 ",11,"$117,479 ",12-Jun,Dada Films
522,Mob Psycho 100,"$115,766 ",375,"$115,766 ",5-Jan,Fathom Events
523,Police Story,"$113,164 ",7,"$113,164 ",1-Feb,Janus Films
524,Be Natural: The Untold Story of Alice Guy-Blaché,"$111,998 ",14,"$115,265 ",19-Apr,Zeitgeist Films
525,The Kingmaker,"$109,948 ",18,"$122,587 ",8-Nov,Greenwich Entertainment
526,Babylon,"$109,749 ",9,"$109,749 ",8-Mar,Kino Lorber
527,Branagh Theatre Live: The Winter's Tale,"$108,403 ",106,"$141,143 ",4-Dec,Trafalgar Releasing
528,The Audience,"$106,529 ",529,"$106,529 ",3-Jun,Fathom Events
,2019 Re-release,,,,,
529,The Brink,"$106,057 ",124,"$106,057 ",28-Mar,Magnolia Pictures
530,"Belle and Sebastian, Friends for Life","$105,890 ",38,"$105,890 ",25-Jan,Entertainment One
,2018 Re-release,,,,,
531,Cold Case Hammarskjöld,"$104,965 ",15,"$104,965 ",16-Aug,Magnolia Pictures
532,Downtown 81,"$104,646 ",8,"$121,115 ",25-Oct,Metrograph Pictures
,2019 Re-release,,,,,
533,Miss & Mrs. Cops,"$104,578 ",9,"$104,578 ",10-May,CJ Entertainment
534,Penguin Highway,"$104,567 ",168,"$104,567 ",12-Apr,Eleven Arts
535,Anthropocene: The Human Epoch,"$104,488 ",110,"$104,806 ",25-Sep,Kino Lorber
536,The Divine Fury,"$102,982 ",23,"$102,982 ",16-Aug,Well Go USA Entertainment
537,Walking on Water,"$102,140 ",9,"$102,140 ",17-May,Kino Lorber
538,Mojin: The Worm Valley,"$101,516 ",17,"$101,516 ",4-Jan,Well Go USA Entertainment
539,Wonders of the Sea,"$100,780 ",266,"$100,780 ",17-Jan,Fathom Events
540,Mirai,"$100,766 ",780,"$812,794 ",29-Nov,GKIDS
541,Tazza: One-Eyed Jack,"$97,655 ",22,"$97,655 ",20-Sep,Well Go USA Entertainment
542,The Third Wife,"$96,228 ",8,"$84,933 ",15-May,Film Movement
543,The Song of Names,"$94,221 ",182,"$1,070,821 ",25-Dec,Sony Pictures Classics
544,The Image Book,"$94,153 ",33,"$94,153 ",25-Jan,Kino Lorber
545,Margaret Atwood: Live in Cinemas,"$93,690 ",499,"$93,690 ",10-Sep,Fathom Events
546,Rojo,"$92,396 ",7,"$94,757 ",12-Jul,Distrib Films
547,Always Miss You,"$91,884 ",14,"$91,884 ",3-May,China Lion Film Distribution
548,Mapplethorpe,"$91,002 ",19,"$91,002 ",1-Mar,The Samuel Goldwyn Company
549,The Crossing,"$90,896 ",28,"$90,896 ",15-Mar,CMC Pictures
550,Loopers: The Caddie's Long Walk,"$90,679 ",68,"$90,679 ",7-Jun,Gravitas Ventures
551,My Dear Liar,"$90,545 ",29,"$90,545 ",8-Nov,CMC Pictures Holdings
552,A Bigger Splash,"$90,414 ",11,"$95,826 ",21-Jun,Metrograph Pictures
,2019 Re-release,,,,,
553,Sound! Euphonium the Movie - Our Promise: A Brand New Day,"$90,341 ",445,"$90,341 ",11-Jul,Fathom Events
554,Varda by Agnès,"$89,993 ",10,"$158,651 ",22-Nov,Janus Films
555,Take Point,"$89,650 ",25,"$112,386 ",27-Dec,CJ Entertainment
556,Ramen Shop,"$88,455 ",10,"$88,455 ",22-Mar,Strand Releasing
557,The Lumber Baron,"$88,336 ",11,"$88,336 ",24-May,Indican Pictures
558,Jim Allison: Breakthrough,"$87,984 ",10,"$87,984 ",27-Sep,Dada Films
559,ECCO,"$86,858 ",155,"$86,858 ",9-Aug,Citadel Film Group
560,Sonchiriya,"$86,765 ",70,"$86,765 ",1-Mar,-
561,The Chambermaid,"$86,422 ",5,"$86,422 ",28-Jun,Kino Lorber
562,National Theater Live: Cyrano de Bergerac,"$86,300 ",301,"$86,300 ",23-Jan,Fathom Events
563,Mayday Life,"$85,912 ",11,"$85,912 ",31-May,China Lion Film Distribution
564,Skid Row Marathon,"$84,997 ",438,"$84,997 ",14-Oct,Fathom Events
565,Papi Chulo,"$84,703 ",16,"$84,703 ",7-Jun,Blue Fox Entertainment
566,Woodstock,"$84,440 ",11,"$84,440 ",24-May,PBS Distribution
567,Once Upon a Deadpool,"$84,300 ","1,566","$6,100,309 ",12-Dec,Twentieth Century Fox
,2018 Re-release,,,,,
568,Looking Up,"$84,267 ",13,"$84,267 ",19-Jul,China Lion Film Distribution
569,High Strung Free Dance,"$83,891 ",106,"$83,891 ",11-Oct,Atlas Distribution Company
,2019 Re-release,,,,,
570,Ms. Purple,"$80,657 ",23,"$80,657 ",6-Sep,Oscilloscope
571,The Old Man & the Gun,"$80,104 ","1,042","$11,277,120 ",28-Sep,Fox Searchlight Pictures
572,Swing Kids,"$79,527 ",21,"$222,001 ",21-Dec,Well Go USA Entertainment
573,Saint Judy,"$78,935 ",55,"$78,935 ",1-Mar,Blue Fox Entertainment
574,The Heiresses,"$78,473 ",6,"$78,473 ",16-Jan,Distrib Films
575,A Faithful Man,"$78,183 ",6,"$77,491 ",19-Jul,Kino Lorber
576,Ploey,"$77,815 ",20,"$77,815 ",26-Apr,-
577,Fast Colour,"$76,916 ",25,"$76,916 ",19-Apr,Lionsgate
578,Christ Stopped at Eboli,"$76,906 ",3,"$78,736 ",3-Apr,Rialto Pictures
579,Triple Threat,"$76,289 ",12,"$76,289 ",19-Mar,Well Go USA Entertainment
580,"Hale County This Morning, This Evening","$74,958 ",8,"$112,282 ",14-Sep,The Cinema Guild
581,Savage,"$74,491 ",19,"$74,491 ",3-May,Well Go USA Entertainment
582,5B,"$72,968 ",128,"$72,968 ",14-Jun,-
583,Working Woman,"$72,568 ",7,"$64,048 ",27-Mar,Zeitgeist Films
584,Cliffs of Freedom,"$72,476 ",10,"$72,476 ",1-Mar,Round Hill Media
585,3 Faces,"$72,324 ",7,"$72,324 ",8-Mar,Kino Lorber
586,Storm Boy,"$71,760 ",56,"$71,760 ",5-Apr,Good Deed Entertainment
587,Free Trip to Egypt,"$71,087 ",447,"$71,087 ",12-Jun,Fathom Events
,2019 Re-release,,,,,
588,The Battle of Jangsari,"$70,853 ",20,"$70,853 ",4-Oct,Well Go USA Entertainment
589,Styx,"$70,794 ",17,"$70,794 ",27-Feb,Film Movement
,2018 Re-release,,,,,
590,Batman Returns,"$70,642 ",507,"$70,642 ",6-May,Fathom Events
,2019 Re-release,,,,,
591,Edie,"$70,138 ",11,"$71,611 ",6-Sep,Music Box Films
592,Diamantino,"$70,088 ",5,"$70,088 ",24-May,Kino Lorber
593,The Body,"$68,196 ",78,"$68,196 ",13-Dec,Eros International
594,The Silence of Others,"$67,986 ",6,"$67,986 ",8-May,Argot Pictures
595,The Divine Move 2: The Wrathful,"$67,578 ",10,"$67,578 ",15-Nov,CJ Entertainment
596,Being Frank,"$67,343 ",13,"$67,343 ",14-Jun,The Film Arcade
597,Cunningham,"$65,446 ",23,"$265,014 ",13-Dec,Magnolia Pictures
598,This Changes Everything,"$64,988 ",367,"$64,988 ",22-Jul,Fathom Events
599,End of the Century,"$64,880 ",6,"$66,309 ",16-Aug,The Cinema Guild
600,Beautiful Boy,"$62,360 ",776,"$7,649,973 ",12-Oct,Amazon Studios
601,Sauvage / Wild,"$61,604 ",7,"$61,604 ",10-Apr,Strand Releasing
602,The Mountain,"$61,385 ",15,"$61,035 ",26-Jul,Kino Lorber
603,Last Year at Marienbad,"$60,884 ",5,"$63,425 ",17-May,Janus Films
,2019 Re-release,,,,,
604,By the Grace of God,"$60,748 ",11,"$66,260 ",18-Oct,Music Box Films
605,John Fogerty: 50 Year Trip - Live at Red Rocks,"$59,795 ",459,"$59,795 ",11-Nov,Fathom Events
606,Mickey and the Bear,"$57,188 ",22,"$57,188 ",15-Nov,Utopia
607,Heavy Water,"$55,446 ",284,"$55,446 ",13-Jun,Fathom Events
608,Maria By Callas,"$53,405 ",149,"$1,267,301 ",2-Nov,Sony Pictures Classics
,2018 Re-release,,,,,
609,The Hate U Give,"$53,108 ","2,375","$29,719,483 ",5-Oct,Twentieth Century Fox
610,Plácido Domingo Gala,"$52,502 ",217,"$52,502 ",7-Sep,Fathom Events
611,One Cut of the Dead,"$52,406 ",7,"$52,406 ",13-Sep,Variance Films
612,QT8: The First Eight,"$51,896 ",459,"$51,896 ",21-Oct,Fathom Events
613,Greener Grass,"$51,456 ",36,"$51,456 ",18-Oct,IFC Films
614,"Cyrano, My Love","$51,419 ",18,"$351,019 ",8-Feb,Roadside Attractions
615,Making Waves: The Art of Cinematic Sound,"$51,254 ",11,"$53,144 ",25-Oct,Matson Films
616,Ophelia,"$50,722 ",58,"$50,722 ",28-Jun,IFC Films
617,Clinton Road,"$50,400 ",10,"$50,400 ",14-Jun,Nocturnal Features
618,"Love, Antosha","$50,168 ",10,"$50,168 ",2-Aug,-
619,Free Trip to Egypt,"$49,693 ",5,"$49,693 ",31-May,-
620,The Bounty Killer,"$48,815 ",15,"$48,815 ",25-Jan,Indican Pictures
621,The Final Wish,"$48,095 ",150,"$25,183 ",24-Jan,Fathom Events
622,The Queen,"$47,818 ",7,"$47,818 ",28-Jun,Kino Lorber
623,Becoming Astrid,"$47,684 ",16,"$120,486 ",23-Nov,Music Box Films
624,Under the Silver Lake,"$46,083 ",2,"$46,083 ",19-Apr,A24
625,Sympathy for the Devil,"$45,927 ",8,"$51,150 ",29-Nov,-
626,¡He matado a mi marido!,"$45,777 ",11,"$45,777 ",1-Mar,-
627,High on the Hog,"$45,696 ",6,"$45,696 ",19-Apr,Indican Pictures
628,The Proposal,"$45,149 ",6,"$45,149 ",24-May,Oscilloscope
629,What Is Democracy?,"$44,536 ",6,"$44,536 ",16-Jan,Zeitgeist Films
630,Maze,"$44,381 ",9,"$44,381 ",22-Mar,Lightyear Entertainment
,2019 Re-release,,,,,
631,American Dharma,"$44,376 ",11,"$51,891 ",1-Nov,Utopia
632,Carmine Street Guitars,"$44,253 ",5,"$44,253 ",24-Apr,Abramorama
633,The Star,"$43,510 ",623,"$43,510 ",7-Dec,Sony Pictures Releasing
,2019 Re-release,,,,,
634,Fagara,"$43,417 ",13,"$43,417 ",13-Sep,China Lion Film Distribution
635,Immortal Hero,"$43,007 ",12,"$43,007 ",18-Oct,Freestyle Releasing
636,Vita & Virginia,"$42,741 ",32,"$42,741 ",23-Aug,IFC Films
637,For Sama,"$41,633 ",4,"$43,796 ",26-Jul,PBS Distribution
638,Midnight Traveler,"$41,265 ",7,"$41,265 ",18-Sep,Oscilloscope
639,Clemency,"$40,736 ",127,"$364,716 ",27-Dec,Neon
640,Charlie Says,"$40,685 ",38,"$40,685 ",10-May,IFC Films
641,Slut in a Good Way,"$40,513 ",7,"$40,513 ",28-Mar,Comedy Dynamics
642,Aniara,"$40,124 ",19,"$40,124 ",17-May,Magnolia Pictures
643,Zilla and Zoe,"$39,003 ",5,"$39,003 ",17-May,Indican Pictures
644,Shed of the Dead,"$38,901 ",10,"$38,901 ",17-May,Indican Pictures
645,The Raft,"$38,723 ",8,"$39,678 ",7-Jun,Metrograph Pictures
646,The Cave,"$38,153 ",10,"$62,625 ",18-Oct,National Geographic Entertainment
647,Batman Forever,"$38,014 ",434,"$38,014 ",12-May,Fathom Events
,2019 Re-release,,,,,
648,Union,"$37,362 ",6,"$41,656 ",2-Aug,Indican Pictures
649,The Quiet One,"$37,010 ",13,"$37,010 ",21-Jun,IFC Films
650,The Death of Dick Long,"$36,856 ",30,"$36,856 ",27-Sep,A24
651,The Sower,"$36,233 ",5,"$36,233 ",1-Mar,Film Movement
652,Buñuel in the Labyrinth of the Turtles,"$36,205 ",8,"$36,205 ",16-Aug,GKIDS
653,Yardie,"$36,012 ",77,"$36,012 ",15-Mar,Rialto Pictures
654,Britt-Marie Was Here,"$35,680 ",11,"$36,549 ",20-Sep,Cohen Media Group
655,Loro,"$35,613 ",11,"$35,613 ",20-Sep,IFC Films
656,White Snake,"$34,730 ",21,"$34,730 ",15-Nov,GKIDS
657,Love Live! Sunshine!! The School Idol Movie: Over The Rainbow,"$34,135 ",30,"$34,135 ",5-Aug,FUNimation Entertainment
658,The Wild Pear Tree,"$34,014 ",5,"$34,014 ",30-Jan,The Cinema Guild
659,Killer Unicorn,"$33,901 ",5,"$33,901 ",14-Jun,Indican Pictures
660,Moonlight Sonata: Deafness in Three Movements,"$33,841 ",12,"$33,823 ",13-Sep,Abramorama
661,An Elephant Sitting Still,"$32,556 ",2,"$32,556 ",8-Mar,-
662,Knife + Heart,"$32,516 ",6,"$32,516 ",15-Mar,Altered Innocence
663,An Acceptable Loss,"$32,427 ",25,"$32,427 ",18-Jan,IFC Films
664,10E,"$32,413 ",2,"$32,413 ",27-Sep,-
665,Ága,"$31,982 ",3,"$35,178 ",4-Sep,Big World Pictures
666,Desolation Center,"$31,965 ",10,"$32,016 ",13-Sep,Matson Films
667,Gift,"$31,618 ",10,"$31,588 ",11-Oct,Matson Films
668,Buddy,"$31,203 ",4,"$31,203 ",20-Mar,Grasshopper Film
669,Horn from the Heart: The Paul Butterfield Story,"$30,815 ",2,"$58,597 ",17-Oct,Abramorama
670,Pasolini,"$30,757 ",4,"$30,757 ",10-May,Kino Lorber
,2019 Re-release,,,,,
671,Space Station 3D,"$30,655 ",64,"$93,383,953 ",19-Apr,IMAX
672,Sorry Angel,"$30,628 ",4,"$30,628 ",15-Feb,Strand Releasing
673,Los Reyes,"$30,418 ",4,"$30,418 ",16-Aug,Grasshopper Film
674,The Nun,"$30,245 ",5,"$30,245 ",4-Jan,Rialto Pictures
675,Deep Sea,"$30,181 ",47,"$46,412,757 ",3-Mar,Warner Bros.
676,Lionel Richie at Glastonbury,"$30,123 ",288,"$30,123 ",19-Nov,Fathom Events
677,The Ground Beneath My Feet,"$29,585 ",4,"$29,251 ",26-Jul,Strand Releasing
678,Vault,"$29,491 ",2,"$29,491 ",7-Jun,-
679,Recorder: The Marion Stokes Project,"$28,681 ",5,"$55,142 ",15-Nov,Zeitgeist Films
680,Batman & Robin,"$28,597 ",429,"$28,597 ",14-May,Fathom Events
,2019 Re-release,,,,,
681,In the Aisles,"$28,394 ",6,"$28,394 ",14-Jun,Music Box Films
682,Hotel by the River,"$28,354 ",4,"$28,354 ",15-Feb,The Cinema Guild
683,The Wind,"$28,252 ",30,"$28,252 ",5-Apr,IFC Films
684,The Load,"$28,118 ",2,"$28,410 ",30-Aug,Grasshopper Film
685,El Norte,"$27,920 ",179,"$27,920 ",15-Sep,Fathom Events
,2019 Re-release,,,,,
686,Kind Hearts and Coronets,"$27,523 ",3,"$35,948 ",27-Nov,Rialto Pictures
,2019 Re-release,,,,,
687,"Leaving Home, Coming Home: A Portrait of Robert Frank","$27,073 ",3,"$27,073 ",29-May,Greenwich Entertainment
688,The Day Shall Come,"$26,972 ",30,"$26,972 ",27-Sep,IFC Films
689,Memory: The Origins of Alien,"$26,643 ",19,"$31,378 ",4-Oct,Screen Media Films
690,Wrestle,"$26,597 ",5,"$26,597 ",22-Feb,Oscilloscope
691,Donnybrook,"$26,284 ",80,"$26,284 ",15-Feb,IFC Films
692,Neither Wolf Nor Dog,"$25,413 ",1,"$589,289 ",20-Jan,-
693,Asako I & II,"$25,328 ",3,"$25,559 ",17-May,Grasshopper Film
694,Return of the Hero,"$25,004 ",3,"$37,108 ",30-Aug,Distrib Films
695,Invisible Life,"$24,219 ",18,"$146,535 ",20-Dec,Amazon Studios
696,Chasing Einstein,"$24,057 ",4,"$24,057 ",13-Sep,Atlas Distribution Company
697,Vox Lux,"$24,054 ",325,"$727,119 ",7-Dec,Neon
698,Piranhas,"$23,494 ",10,"$23,494 ",2-Aug,Music Box Films
699,Wildlife,"$22,999 ",105,"$1,050,616 ",19-Oct,IFC Films
700,Celebration,"$22,557 ",1,"$22,557 ",2-Oct,-
701,Night School,"$22,550 ","3,019","$77,339,130 ",28-Sep,Universal Pictures
702,Hyènes,"$22,444 ",4,"$24,672 ",19-Apr,Metrograph Pictures
703,Light from Light,"$22,331 ",5,"$23,629 ",1-Nov,Grasshopper Film
704,Island of Lemurs: Madagascar,"$22,310 ",302,"$11,272,213 ",4-Apr,Warner Bros.
705,Jane and Emma,"$22,261 ",29,"$380,030 ",12-Oct,Excel Entertainment
706,Wicked Witches,"$21,600 ",10,"$21,600 ",9-Aug,Nocturnal Features
707,The Hole in the Ground,"$21,072 ",24,"$21,072 ",1-Mar,A24
708,Redoubt,"$20,878 ",3,"$32,944 ",1-Nov,Grasshopper Film
709,The Gospel of Eureka,"$20,578 ",3,"$20,039 ",8-Feb,Kino Lorber
710,The All Americans,"$20,322 ",5,"$20,324 ",8-Nov,Abramorama
711,Light of My Life,"$20,056 ",68,"$20,056 ",9-Aug,Saban Films
712,General Magic,"$20,046 ",5,"$20,046 ",10-May,Gravitas Ventures
713,The Sound of Silence,"$20,013 ",31,"$20,013 ",13-Sep,IFC Films
714,Prassthanam,"$19,984 ",32,"$19,984 ",20-Sep,-
715,The Perfect Race,"$19,809 ",2,"$29,644 ",14-Oct,Five & Two Pictures
716,Armstrong,"$19,740 ",45,"$19,740 ",12-Jul,Gravitas Ventures
717,Girls of the Sun,"$19,712 ",11,"$19,712 ",12-Apr,Cohen Media Group
718,Out of Blue,"$18,779 ",35,"$18,779 ",22-Mar,IFC Films
719,Black Mother,"$18,762 ",4,"$18,762 ",9-Mar,Grasshopper Film
720,Before Stonewall,"$18,724 ",2,"$18,724 ",21-Jun,First Run
721,The Return of Martin Guerre,"$18,603 ",2,"$18,603 ",5-Jul,Cohen Media Group
,2019 Re-release,,,,,
722,Midnight Diner,"$18,555 ",13,"$18,555 ",20-Sep,Well Go USA Entertainment
723,"Phoenix, Oregon","$18,356 ",6,"$18,356 ",2-May,Joma Films
,Pre-Release Tour,,,,,
724,The Cranes Are Flying,"$17,923 ",2,"$17,923 ",12-Jul,Janus Films
725,The House That Jack Built,"$17,763 ",32,"$87,993 ",14-Dec,IFC Films
,2018 Re-release,,,,,
726,Citizen K,"$17,704 ",15,"$120,411 ",22-Nov,Greenwich Entertainment
727,Ode to Joy,"$17,303 ",16,"$17,303 ",9-Aug,IFC Films
728,Scandalous: The True Story of the National Enquirer,"$17,085 ",13,"$18,759 ",15-Nov,Magnolia Pictures
729,Joseph Pulitzer: Voice of the People,"$16,970 ",5,"$16,970 ",1-Mar,First Run
730,Ballon,"$16,792 ",5,"$31,957 ",6-Sep,Distrib Films
731,Too Late to Die Young,"$16,591 ",4,"$16,591 ",31-May,-
732,Tremors,"$16,516 ",6,"$23,911 ",29-Nov,Film Movement
733,Chained for Life,"$16,456 ",3,"$17,431 ",13-Sep,Kino International
734,Three Peaks,"$16,216 ",7,"$16,216 ",28-Jun,Greenwich Entertainment
735,Virginia Minnesota,"$16,118 ",2,"$16,118 ",1-Mar,Indican Pictures
736,Piercing,"$15,856 ",18,"$15,856 ",1-Feb,Greenwich Entertainment
737,Starfish,"$15,849 ",6,"$15,849 ",15-Mar,Yellow Veil Pictures
738,Little Joe,"$15,801 ",12,"$23,862 ",6-Dec,Magnolia Pictures
739,To the Arctic 3D,"$15,800 ",52,"$14,560,838 ",20-Apr,Warner Bros.
740,A Private War,"$15,792 ",865,"$1,633,208 ",2-Nov,Aviron Pictures
741,Airpocalypse,"$15,719 ",21,"$105,678 ",21-Dec,China Lion Film Distribution
742,Trinity Seven The Movie 2: Heavens Library & Crimson Lord,"$15,712 ",95,"$15,712 ",29-Mar,Atlas Distribution Company
743,Midnight Family,"$15,537 ",13,"$42,310 ",6-Dec,1091 Media
744,Galapagos,"$15,222 ",14,"$18,630,372 ",29-Oct,IMAX
745,Funan,"$15,152 ",5,"$15,152 ",7-Jun,GKIDS
746,El Angel,"$15,127 ",11,"$109,608 ",9-Nov,The Orchard
747,Wrinkles the Clown,"$14,938 ",21,"$14,938 ",4-Oct,Magnolia Pictures
748,ZZ Top: That Little Ol' Band from Texas,"$14,879 ",8,"$14,879 ",19-Aug,Abramorama
749,Frank and Ava,"$14,820 ",3,"$18,829 ",7-Dec,Hannover House
750,Our Time,"$14,777 ",4,"$14,777 ",14-Jun,Monument Releasing
751,The Competition,"$14,588 ",7,"$15,622 ",22-Feb,Metrograph Pictures
,2019 Re-release,,,,,
752,Boy Erased,"$14,490 ",672,"$6,788,692 ",2-Nov,Focus Features
753,Combat Obscura,"$14,242 ",11,"$14,242 ",15-Mar,Oscilloscope
754,Screwball,"$13,967 ",13,"$13,967 ",29-Mar,Greenwich Entertainment
755,Touch Me Not,"$13,782 ",1,"$13,782 ",11-Jan,Kino Lorber
756,My Son,"$13,782 ",5,"$14,450 ",10-May,Cohen Media Group
,2019 Re-release,,,,,
757,This One's for the Ladies,"$13,688 ",21,"$13,688 ",7-Jun,-
758,First Man,"$13,510 ","3,640","$44,936,545 ",12-Oct,Universal Pictures
759,The Cat Rescuers,"$13,384 ",3,"$31,540 ",5-Jul,Balcony Releasing
760,The House with a Clock in Its Walls,"$13,295 ","3,592","$68,549,695 ",21-Sep,Universal Pictures
761,Rapid Response,"$13,294 ",10,"$13,294 ",6-Sep,Atlas Distribution Company
762,Hagazussa,"$13,253 ",14,"$13,253 ",19-Apr,Doppelganger Releasing
763,The Woman Who Loves Giraffes,"$12,616 ",22,"$105,790 ",4-Oct,Zeitgeist Films
764,Off Season,"$12,544 ",2,"$12,544 ",15-Mar,Indican Pictures
765,The White Sheik,"$12,384 ",3,"$50,512 ",25-Dec,Rialto Pictures
,2019 re-release,,,,,
766,Journey to the South Pacific,"$12,209 ",19,"$7,653,913 ",27-Nov,IMAX
767,Bricked,"$12,201 ",7,"$12,201 ",24-Jan,GathrFilms
768,Zen for Nothing,"$12,107 ",4,"$12,107 ",29-Mar,Zeitgeist Films
769,Imprisoned,"$12,050 ",2,"$12,050 ",13-Sep,Cinema Libre Studio
770,Quartet,"$12,042 ",1,"$12,042 ",3-May,Cohen Media Group
771,"Cassandro, The Exotico!","$11,897 ",4,"$11,897 ",19-Jul,Film Movement
772,Liyana,"$11,895 ",4,"$44,045 ",10-Oct,Abramorama
773,The Charmer,"$11,695 ",3,"$26,167 ",5-Dec,Film Movement
774,The Disappearance of My Mother,"$11,636 ",3,"$24,951 ",6-Dec,Kino Lorber
775,Stuffed,"$11,561 ",3,"$15,532 ",16-Oct,Music Box Films
776,Vision Portraits,"$11,440 ",3,"$10,771 ",9-Aug,-
777,That Part Feeling - the Universe of Arvo Part,"$11,385 ",3,"$8,812 ",3-Jun,Film Movement
778,Between the Lines,"$11,366 ",18,"$15,383 ",22-Feb,Cohen Media Group
779,Yomeddine,"$11,308 ",4,"$11,308 ",31-May,Strand Releasing
780,In Like Flynn,"$11,255 ",27,"$11,255 ",25-Jan,Blue Fox Entertainment
781,Made Me Do It,"$11,151 ",2,"$11,151 ",12-Apr,Indican Pictures
782,Ferrante Fever,"$11,137 ",3,"$11,137 ",8-Mar,Greenwich Entertainment
783,I Do Not Care If We Go Down in History as Barbarians,"$11,014 ",2,"$11,307 ",19-Jul,Big World Pictures
784,Suburban Birds,"$10,997 ",3,"$10,997 ",5-Apr,The Cinema Guild
785,16 Bars,"$10,985 ",4,"$10,985 ",8-Nov,Lightyear Entertainment
786,If the Dancer Dances,"$10,912 ",6,"$10,912 ",26-Apr,Monument Releasing
787,Duet for Cannibals,"$10,902 ",4,"$12,722 ",22-Nov,Metrograph Pictures
,2019 re-release,,,,,
788,Shooting the Mafia,"$10,793 ",3,"$10,881 ",22-Nov,Cohen Media Group
789,Angels Are Made Of Light,"$10,697 ",2,"$7,919 ",26-Jul,Grasshopper Film
790,Daughter of Mine,"$10,628 ",2,"$10,628 ",1-Feb,Strand Releasing
791,The Eyes of Orson Welles,"$10,253 ",2,"$10,253 ",15-Mar,Janus Films
792,Round of Your Life,"$10,228 ",9,"$20,941 ",21-Jun,Ammo Content
793,Around India with a Movie Camera,"$10,101 ",1,"$10,389 ",30-Nov,Icarus Films
794,Olivia,"$9,934 ",3,"$9,934 ",16-Aug,Icarus Films
795,Streetwise,"$9,904 ",1,"$9,904 ",19-Jul,Janus Films
796,Tyrel,"$9,832 ",5,"$21,456 ",7-Dec,Magnolia Pictures
797,Fritz Lang's Indian Epic,"$9,818 ",1,"$9,345 ",27-Sep,Film Movement
,2019 re-release,,,,,
798,The Spanish Prisoner,"$9,589 ",1,"$9,589 ",26-Apr,Ammo Content
,2019 Re-release,,,,,
799,Studio 54,"$9,355 ",14,"$199,767 ",5-Oct,Zeitgeist Films
800,When Lambs Become Lions,"$9,337 ",2,"$9,337 ",22-Nov,Oscilloscope
801,Cracked Up,"$9,197 ",1,"$9,197 ",13-Sep,Abramorama
802,Frantz Fanon: Black Skin White Mask,"$9,025 ",1,"$9,025 ",15-Mar,Film Movement
803,Colossal Youth,"$8,331 ",1,"$8,331 ",3-Aug,-
804,The Dead Center,"$8,320 ",10,"$8,320 ",11-Oct,Arrow Films
805,The Etruscan Smile,"$8,213 ",4,"$8,213 ",8-Nov,Lightyear Entertainment
,2019 release,,,,,
806,Grass,"$8,084 ",2,"$8,084 ",19-Apr,The Cinema Guild
807,Wings of Desire,"$7,947 ",4,"$123,830 ",19-Oct,Janus Films
,2018 Re-release,,,,,
808,This Magnificent Cake!,"$7,888 ",2,"$7,888 ",1-Mar,GKIDS
809,Ghost Fleet,"$7,850 ",7,"$7,850 ",7-Jun,Abramorama
810,The Plagiarists,"$7,768 ",1,"$7,768 ",28-Jun,-
811,Gregory's Girl,"$7,710 ",1,"$7,710 ",4-Oct,Film Movement
812,I'll Take Your Dead,"$7,692 ",5,"$7,692 ",5-Jul,-
813,King of Thieves,"$7,518 ",11,"$7,518 ",25-Jan,Saban Films
814,Life and Nothing More,"$7,488 ",6,"$24,358 ",24-Oct,CFI Releasing
815,Border,"$7,477 ",74,"$771,930 ",26-Oct,Neon
816,Beloved Beast,"$7,052 ",3,"$7,301 ",11-Oct,Indican Pictures
817,Rosie,"$6,839 ",2,"$6,839 ",19-Jul,Blue Fox Entertainment
818,Genesis,"$6,784 ",2,"$6,784 ",23-Aug,Film Movement
819,Going Attractions: The Definitive Story of the Movie Palace,"$6,763 ",6,"$6,763 ",24-Oct,-
820,Dying to Survive,"$6,752 ",2,"$6,752 ",9-Aug,China Lion Film Distribution
,2019 Re-release,,,,,
821,Hollywould,"$6,598 ",2,"$11,888 ",15-Nov,Indican Pictures
822,"One Nation, One King","$6,576 ",5,"$6,576 ",28-Feb,Distrib Films
823,"Monrovia, Indiana","$6,457 ",14,"$63,944 ",26-Oct,Zipporah Films
824,Of Fathers and Sons,"$6,308 ",6,"$12,579 ",16-Nov,Kino Lorber
825,Under the Eiffel Tower,"$6,291 ",11,"$6,291 ",8-Feb,The Orchard
826,Patrick the Pug,"$6,290 ",100,"$6,290 ",15-Feb,-
827,To Be of Service,"$6,173 ",1,"$6,173 ",1-Nov,First Run
828,The Golden Glove,"$6,160 ",5,"$6,160 ",27-Sep,Strand Releasing
829,Relaxer,"$6,133 ",5,"$6,133 ",29-Mar,Oscilloscope
830,The Hottest August,"$6,129 ",2,"$9,163 ",15-Nov,Grasshopper Film
831,Kedarnath,"$5,751 ",113,"$901,131 ",7-Dec,-
832,The Meanest Man in Texas,"$5,750 ",3,"$8,850 ",17-May,Ammo Content
833,Love Goes Public,"$5,700 ",-,"$5,700 ",25-Oct,Aspiration Entertainment
834,Série noire,"$5,633 ",1,"$5,633 ",27-Sep,Rialto Pictures
835,The Miracle of the Little Prince,"$5,553 ",1,"$5,553 ",28-Aug,Film Movement
836,Halloween,"$5,505 ","3,990","$159,342,015 ",19-Oct,Universal Pictures
837,Spiral Farm,"$5,475 ",3,"$6,517 ",13-Dec,Indican Pictures
838,Anna and the Apocalypse,"$5,329 ",138,"$545,597 ",30-Nov,Orion Pictures
839,Chokehold,"$5,200 ",3,"$5,200 ",1-Mar,Ammo Content
840,Body at Brighton Rock,"$5,123 ",9,"$5,123 ",26-Apr,Magnolia Pictures
841,Intuitions,"$5,111 ",3,"$10,606 ",25-Oct,Indican Pictures
842,Cold Blood,"$5,083 ",25,"$5,083 ",5-Jul,Screen Media Films
843,Chulas Fronteras,"$5,021 ",1,"$5,021 ",28-Jun,Argot Pictures
844,The Garden,"$5,006 ",1,"$5,006 ",29-May,Kino Lorber
845,Malek,"$4,898 ",4,"$4,898 ",18-Jan,Entertainment One
846,Un traductor,"$4,879 ",2,"$13,509 ",19-Oct,Film Movement
847,Crepitus,"$4,846 ",2,"$4,846 ",31-Oct,Indican Pictures
848,Ballet Blanc,"$4,832 ",2,"$4,832 ",8-Nov,Indican Pictures
849,Kaili Blues,"$4,687 ",4,"$32,164 ",20-May,Grasshopper Film
850,What You Gonna Do When the World's on Fire?,"$4,672 ",1,"$4,672 ",16-Aug,-
851,Slaughterhouse Rulez,"$4,665 ",10,"$4,665 ",17-May,Sony Pictures Releasing
852,Sicilian Ghost Story,"$4,639 ",3,"$15,285 ",30-Nov,Strand Releasing
853,At War,"$4,605 ",1,"$4,605 ",19-Jul,Cinema Libre Studio
854,I'm Leaving Now,"$4,488 ",1,"$4,488 ",6-Sep,The Cinema Guild
855,SGT. Will Gardner,"$4,405 ",12,"$4,405 ",11-Jan,Cinedigm Entertainment Group
856,Tito and the Birds,"$4,332 ",6,"$4,332 ",25-Jan,Shout! Factory
857,The Fate of Lee Khan,"$4,295 ",3,"$4,295 ",5-Apr,Film Movement
858,State Like Sleep,"$4,282 ",10,"$4,282 ",4-Jan,The Orchard
859,The Gliksmans,"$4,080 ",3,"$5,166 ",27-Sep,Indican Pictures
860,La Flor,"$4,032 ",1,"$4,032 ",9-Aug,Grasshopper Film
861,Mother of a Day,"$3,919 ",1,"$3,919 ",4-May,Sumbadhat Productions
862,Crown Vic,"$3,868 ",1,"$3,868 ",8-Nov,Screen Media Films
863,Wallflower,"$3,801 ",7,"$3,801 ",4-Oct,-
864,The Wandering Soap Opera,"$3,624 ",2,"$3,624 ",17-May,The Cinema Guild
865,Rottentail,"$3,383 ",3,"$3,383 ",12-Apr,Ammo Content
866,Another Day of Life,"$3,190 ",2,"$3,190 ",13-Sep,GKIDS
867,Bauhaus Spirit: 100 Years of Bauhaus,"$3,148 ",2,"$17,122 ",10-Feb,Icarus Films
868,A Cool Fish,"$3,134 ",36,"$551,876 ",16-Nov,China Lion Film Distribution
869,Chasing Portraits,"$3,076 ",1,"$3,076 ",26-Apr,First Run
870,Filmworker,"$3,016 ",17,"$102,609 ",11-May,Kino Lorber
871,100 Acres of Hell,"$2,916 ",1,"$5,152 ",11-Oct,Indican Pictures
872,The Kindness of Strangers,"$2,705 ",3,"$2,705 ",6-Dec,-
873,Back to the Fatherland,"$2,697 ",1,"$2,697 ",14-Jun,First Run
874,L'héritage de la chouette,"$2,602 ",1,"$12,316 ",9-Nov,Icarus Films
875,"No Date, No Signature","$2,567 ",3,"$36,444 ",1-Aug,Distrib Films
876,Joan the Maid 1: The Battles,"$2,562 ",1,"$2,562 ",2-Aug,Cohen Media Group
877,Chef Flynn,"$2,507 ",10,"$68,407 ",9-Nov,Kino Lorber
878,TINY: The Life of Erin Blackwell,"$2,465 ",1,"$2,465 ",19-Jul,Janus Films
879,I Lost Albert,"$2,354 ",1,"$2,354 ",4-Oct,Distrib Films
,2019 Re-release,,,,,
880,Tea With the Dames,"$2,190 ",71,"$889,343 ",21-Sep,IFC Films
881,Iceman,"$2,138 ",7,"$2,138 ",15-Mar,Film Movement
882,Detour,"$2,128 ",1,"$16,172 ",30-Nov,Janus Films
883,Jihadists,"$2,104 ",1,"$2,104 ",25-Jan,Cinema Libre Studio
884,Divide and Conquer: The Story of Roger Ailes,"$1,977 ",16,"$38,510 ",7-Dec,Magnolia Pictures
885,A German Youth,"$1,834 ",1,"$2,343 ",11-Oct,Big World Pictures
886,A Fish in the Bathtub,"$1,826 ",3,"$1,826 ",8-Nov,Cohen Media Group
,2019 re-release,,,,,
887,Little Q,"$1,652 ",1,"$1,652 ",6-Dec,Well Go USA Entertainment
888,Game Day,"$1,624 ",4,"$1,624 ",4-Oct,Ammo Content
889,For Those Who Don't Read Me,"$1,585 ",6,"$36,506 ",23-Nov,Entertainment One
890,American Playhouse: The Killing Floor,"$1,583 ",1,"$1,583 ",22-Nov,Film Movement
891,Indivisible,"$1,581 ",830,"$3,511,417 ",26-Oct,Pure Flix Entertainment
892,Owaranai hito: Miyazaki Hayao,"$1,449 ",377,"$187,320 ",13-Dec,GKIDS
893,The Hours and Times,"$1,273 ",1,"$1,273 ",1-Mar,Oscilloscope
894,Chinese Portrait,"$1,158 ",2,"$4,140 ",13-Dec,The Cinema Guild
895,Narcissister Organ Player,"$1,018 ",4,"$15,334 ",7-Nov,Film Movement
896,The Untold Story,$790 ,1,$790 ,18-Jan,Ammo Content
897,Senso,$737 ,2,"$27,723 ",26-Oct,Rialto Pictures
898,Serendipity,$717 ,2,"$2,298 ",18-Oct,Cohen Media Group
899,Swimming with Men,$630 ,31,"$24,708 ",7-Dec,IFC Films
900,Sgt. Stubby: An American Hero,$612 ,"1,633","$4,015,935 ",13-Apr,-
901,I Am Not A Witch,$550 ,8,"$50,868 ",7-Sep,Film Movement
902,Hold Your Breath,$371 ,12,"$77,987 ",10-Aug,Entertainment One
903,In Safe Hands,$348 ,1,"$1,737 ",26-Jul,Distrib Films
904,Henchmen,$297 ,3,"$1,469 ",7-Dec,Entertainment One
905,1945,$236 ,19,"$1,006,193 ",1-Nov,Menemsha Films
906,Tall Tales from the Magical Garden of Antoon Krings,$220 ,20,$220 ,11-Jan,-
,2018 Re-release,,,,,
907,Over the Limit,$117 ,2,"$3,243 ",12-Oct,Film Movement
908,Postcards from London,$99 ,1,"$5,312 ",9-Nov,Strand Releasing
Rank,,,,,,
